PLAYER_NAME,SEASON,cluster,classification
Al Horford,2013-14,2,stretch forwards / big men
Al Jefferson,2013-14,2,stretch forwards / big men
Al-Farouq Aminu,2013-14,1,versatile forwards
Alec Burks,2013-14,4,floor generals
Amir Johnson,2013-14,5,traditional centers
Anderson Varejao,2013-14,5,traditional centers
Andre Drummond,2013-14,5,traditional centers
Andre Iguodala,2013-14,7,low-usage role players
Andrea Bargnani,2013-14,2,stretch forwards / big men
Andrew Bogut,2013-14,5,traditional centers
Anthony Davis,2013-14,2,stretch forwards / big men
Arron Afflalo,2013-14,6,sharpshooters
Avery Bradley,2013-14,6,sharpshooters
Ben McLemore,2013-14,6,sharpshooters
Blake Griffin,2013-14,2,stretch forwards / big men
Boris Diaw,2013-14,1,versatile forwards
Bradley Beal,2013-14,6,sharpshooters
Brandon Bass,2013-14,2,stretch forwards / big men
Brandon Jennings,2013-14,4,floor generals
Brandon Knight,2013-14,4,floor generals
Brian Roberts,2013-14,4,floor generals
Brook Lopez,2013-14,2,stretch forwards / big men
Carlos Boozer,2013-14,2,stretch forwards / big men
Carmelo Anthony,2013-14,3,ball-dominant scorers
Caron Butler,2013-14,6,sharpshooters
Chandler Parsons,2013-14,6,sharpshooters
Channing Frye,2013-14,7,low-usage role players
Chris Bosh,2013-14,2,stretch forwards / big men
Chris Paul,2013-14,3,ball-dominant scorers
Corey Brewer,2013-14,7,low-usage role players
Courtney Lee,2013-14,6,sharpshooters
D.J. Augustin,2013-14,4,floor generals
Damian Lillard,2013-14,3,ball-dominant scorers
Danny Green,2013-14,7,low-usage role players
Darren Collison,2013-14,4,floor generals
David Lee,2013-14,5,traditional centers
David West,2013-14,2,stretch forwards / big men
DeAndre Jordan,2013-14,5,traditional centers
DeMar DeRozan,2013-14,3,ball-dominant scorers
DeMarcus Cousins,2013-14,2,stretch forwards / big men
DeMarre Carroll,2013-14,7,low-usage role players
Deron Williams,2013-14,4,floor generals
Derrick Favors,2013-14,5,traditional centers
Derrick Williams,2013-14,1,versatile forwards
Dion Waiters,2013-14,4,floor generals
Dirk Nowitzki,2013-14,2,stretch forwards / big men
Dwight Howard,2013-14,5,traditional centers
Dwyane Wade,2013-14,3,ball-dominant scorers
Enes Kanter,2013-14,5,traditional centers
Eric Bledsoe,2013-14,3,ball-dominant scorers
Eric Gordon,2013-14,6,sharpshooters
Ersan Ilyasova,2013-14,2,stretch forwards / big men
Evan Turner,2013-14,1,versatile forwards
George Hill,2013-14,4,floor generals
Gerald Green,2013-14,6,sharpshooters
Gerald Henderson,2013-14,6,sharpshooters
Gerald Wallace,2013-14,7,low-usage role players
Giannis Antetokounmpo,2013-14,1,versatile forwards
Glen Davis,2013-14,2,stretch forwards / big men
Goran Dragic,2013-14,4,floor generals
Gordon Hayward,2013-14,4,floor generals
Greg Monroe,2013-14,5,traditional centers
Harrison Barnes,2013-14,1,versatile forwards
Iman Shumpert,2013-14,7,low-usage role players
Isaiah Thomas,2013-14,3,ball-dominant scorers
JJ Hickson,2013-14,5,traditional centers
JJ Redick,2013-14,6,sharpshooters
JR Smith,2013-14,6,sharpshooters
Jamal Crawford,2013-14,6,sharpshooters
Jameer Nelson,2013-14,4,floor generals
James Anderson,2013-14,6,sharpshooters
James Harden,2013-14,3,ball-dominant scorers
Jared Dudley,2013-14,7,low-usage role players
Jared Sullinger,2013-14,2,stretch forwards / big men
Jarrett Jack,2013-14,4,floor generals
Jason Smith,2013-14,2,stretch forwards / big men
Jason Thompson,2013-14,5,traditional centers
Jeff Green,2013-14,6,sharpshooters
Jeff Teague,2013-14,3,ball-dominant scorers
Jeffery Taylor,2013-14,7,low-usage role players
Jeremy Lin,2013-14,4,floor generals
Jerryd Bayless,2013-14,4,floor generals
Jimmy Butler,2013-14,7,low-usage role players
Joakim Noah,2013-14,5,traditional centers
Jodie Meeks,2013-14,6,sharpshooters
Joe Johnson,2013-14,6,sharpshooters
John Henson,2013-14,5,traditional centers
John Wall,2013-14,3,ball-dominant scorers
Jonas Valanciunas,2013-14,5,traditional centers
Jose Calderon,2013-14,6,sharpshooters
Josh McRoberts,2013-14,7,low-usage role players
Josh Smith,2013-14,2,stretch forwards / big men
Jrue Holiday,2013-14,4,floor generals
Kawhi Leonard,2013-14,1,versatile forwards
Kemba Walker,2013-14,4,floor generals
Kendall Marshall,2013-14,4,floor generals
Kenneth Faried,2013-14,5,traditional centers
Kevin Durant,2013-14,3,ball-dominant scorers
Kevin Love,2013-14,2,stretch forwards / big men
Kevin Martin,2013-14,6,sharpshooters
Khris Middleton,2013-14,6,sharpshooters
Kirk Hinrich,2013-14,4,floor generals
Klay Thompson,2013-14,6,sharpshooters
Kyle Korver,2013-14,7,low-usage role players
Kyle Lowry,2013-14,3,ball-dominant scorers
Kyle Singler,2013-14,7,low-usage role players
Kyrie Irving,2013-14,3,ball-dominant scorers
LaMarcus Aldridge,2013-14,2,stretch forwards / big men
Lance Stephenson,2013-14,1,versatile forwards
Larry Sanders,2013-14,5,traditional centers
LeBron James,2013-14,3,ball-dominant scorers
Lou Williams,2013-14,4,floor generals
Luol Deng,2013-14,1,versatile forwards
Marc Gasol,2013-14,2,stretch forwards / big men
Marcin Gortat,2013-14,2,stretch forwards / big men
Marco Belinelli,2013-14,6,sharpshooters
Marcus Thornton,2013-14,6,sharpshooters
Mario Chalmers,2013-14,4,floor generals
Markieff Morris,2013-14,2,stretch forwards / big men
Martell Webster,2013-14,7,low-usage role players
Marvin Williams,2013-14,7,low-usage role players
Matt Barnes,2013-14,7,low-usage role players
Maurice Harkless,2013-14,7,low-usage role players
Michael Carter-Williams,2013-14,4,floor generals
Michael Kidd-Gilchrist,2013-14,5,traditional centers
Mike Conley,2013-14,4,floor generals
Mike Dunleavy,2013-14,7,low-usage role players
Miles Plumlee,2013-14,5,traditional centers
Mo Williams,2013-14,4,floor generals
Monta Ellis,2013-14,4,floor generals
Nene,2013-14,2,stretch forwards / big men
Nick Young,2013-14,6,sharpshooters
Nicolas Batum,2013-14,7,low-usage role players
Nikola Pekovic,2013-14,5,traditional centers
Nikola Vucevic,2013-14,5,traditional centers
Norris Cole,2013-14,4,floor generals
O.J. Mayo,2013-14,6,sharpshooters
P.J. Tucker,2013-14,7,low-usage role players
Patrick Beverley,2013-14,7,low-usage role players
Patrick Patterson,2013-14,7,low-usage role players
Pau Gasol,2013-14,2,stretch forwards / big men
Paul George,2013-14,3,ball-dominant scorers
Paul Millsap,2013-14,2,stretch forwards / big men
Paul Pierce,2013-14,1,versatile forwards
Rajon Rondo,2013-14,4,floor generals
Ramon Sessions,2013-14,4,floor generals
Randy Foye,2013-14,6,sharpshooters
Ray Allen,2013-14,6,sharpshooters
Raymond Felton,2013-14,4,floor generals
Reggie Jackson,2013-14,4,floor generals
Richard Jefferson,2013-14,6,sharpshooters
Ricky Rubio,2013-14,4,floor generals
Robin Lopez,2013-14,5,traditional centers
Rodney Stuckey,2013-14,1,versatile forwards
Roy Hibbert,2013-14,5,traditional centers
Rudy Gay,2013-14,1,versatile forwards
Russell Westbrook,2013-14,3,ball-dominant scorers
Ryan Anderson,2013-14,6,sharpshooters
Serge Ibaka,2013-14,2,stretch forwards / big men
Shaun Livingston,2013-14,4,floor generals
Shawn Marion,2013-14,7,low-usage role players
Spencer Hawes,2013-14,2,stretch forwards / big men
Stephen Curry,2013-14,3,ball-dominant scorers
Steve Blake,2013-14,4,floor generals
Taj Gibson,2013-14,5,traditional centers
Tayshaun Prince,2013-14,7,low-usage role players
Terrence Jones,2013-14,1,versatile forwards
Terrence Ross,2013-14,6,sharpshooters
Thabo Sefolosha,2013-14,7,low-usage role players
Thaddeus Young,2013-14,1,versatile forwards
Tim Duncan,2013-14,2,stretch forwards / big men
Tim Hardaway Jr.,2013-14,6,sharpshooters
Tobias Harris,2013-14,1,versatile forwards
Tony Allen,2013-14,1,versatile forwards
Tony Parker,2013-14,4,floor generals
Tony Wroten,2013-14,4,floor generals
Trevor Ariza,2013-14,7,low-usage role players
Trey Burke,2013-14,4,floor generals
Tristan Thompson,2013-14,5,traditional centers
Ty Lawson,2013-14,3,ball-dominant scorers
Tyreke Evans,2013-14,3,ball-dominant scorers
Tyson Chandler,2013-14,5,traditional centers
Victor Oladipo,2013-14,4,floor generals
Vince Carter,2013-14,6,sharpshooters
Wesley Johnson,2013-14,7,low-usage role players
Wesley Matthews,2013-14,6,sharpshooters
Wilson Chandler,2013-14,6,sharpshooters
Zach Randolph,2013-14,2,stretch forwards / big men
Zaza Pachulia,2013-14,5,traditional centers
Adreian Payne,2014-15,5,traditional centers
Al Horford,2014-15,2,stretch forwards / big men
Al Jefferson,2014-15,2,stretch forwards / big men
Alan Anderson,2014-15,7,low-usage role players
Alec Burks,2014-15,4,floor generals
Amir Johnson,2014-15,5,traditional centers
Anderson Varejao,2014-15,5,traditional centers
Andre Drummond,2014-15,5,traditional centers
Andre Iguodala,2014-15,7,low-usage role players
Andrea Bargnani,2014-15,2,stretch forwards / big men
Andrew Bogut,2014-15,5,traditional centers
Andrew Wiggins,2014-15,1,versatile forwards
Anthony Davis,2014-15,2,stretch forwards / big men
Anthony Morrow,2014-15,6,sharpshooters
Arron Afflalo,2014-15,6,sharpshooters
Avery Bradley,2014-15,6,sharpshooters
Ben McLemore,2014-15,6,sharpshooters
Blake Griffin,2014-15,2,stretch forwards / big men
Bojan Bogdanovic,2014-15,6,sharpshooters
Boris Diaw,2014-15,1,versatile forwards
Bradley Beal,2014-15,6,sharpshooters
Brandon Bass,2014-15,2,stretch forwards / big men
Brandon Jennings,2014-15,4,floor generals
Brandon Knight,2014-15,4,floor generals
Brook Lopez,2014-15,2,stretch forwards / big men
C.J. Watson,2014-15,4,floor generals
CJ Miles,2014-15,6,sharpshooters
Carlos Boozer,2014-15,2,stretch forwards / big men
Carmelo Anthony,2014-15,2,stretch forwards / big men
Chandler Parsons,2014-15,6,sharpshooters
Channing Frye,2014-15,7,low-usage role players
Chris Bosh,2014-15,2,stretch forwards / big men
Chris Paul,2014-15,3,ball-dominant scorers
Cody Zeller,2014-15,5,traditional centers
Corey Brewer,2014-15,1,versatile forwards
Courtney Lee,2014-15,6,sharpshooters
D.J. Augustin,2014-15,4,floor generals
Damian Lillard,2014-15,3,ball-dominant scorers
Danilo Gallinari,2014-15,6,sharpshooters
Danny Green,2014-15,7,low-usage role players
Dante Cunningham,2014-15,7,low-usage role players
Darren Collison,2014-15,4,floor generals
David West,2014-15,2,stretch forwards / big men
DeAndre Jordan,2014-15,5,traditional centers
DeMar DeRozan,2014-15,3,ball-dominant scorers
DeMarcus Cousins,2014-15,2,stretch forwards / big men
DeMarre Carroll,2014-15,7,low-usage role players
Deron Williams,2014-15,4,floor generals
Derrick Favors,2014-15,2,stretch forwards / big men
Derrick Rose,2014-15,4,floor generals
Dion Waiters,2014-15,6,sharpshooters
Dirk Nowitzki,2014-15,2,stretch forwards / big men
Donatas Motiejunas,2014-15,2,stretch forwards / big men
Draymond Green,2014-15,7,low-usage role players
Dwight Howard,2014-15,5,traditional centers
Dwyane Wade,2014-15,3,ball-dominant scorers
Ed Davis,2014-15,5,traditional centers
Elfrid Payton,2014-15,4,floor generals
Enes Kanter,2014-15,2,stretch forwards / big men
Eric Bledsoe,2014-15,3,ball-dominant scorers
Eric Gordon,2014-15,6,sharpshooters
Evan Fournier,2014-15,6,sharpshooters
Evan Turner,2014-15,4,floor generals
George Hill,2014-15,3,ball-dominant scorers
Gerald Henderson,2014-15,6,sharpshooters
Giannis Antetokounmpo,2014-15,1,versatile forwards
Goran Dragic,2014-15,4,floor generals
Gordon Hayward,2014-15,3,ball-dominant scorers
Gorgui Dieng,2014-15,5,traditional centers
Greg Monroe,2014-15,5,traditional centers
Greivis Vasquez,2014-15,4,floor generals
Harrison Barnes,2014-15,7,low-usage role players
Hassan Whiteside,2014-15,5,traditional centers
Henry Walker,2014-15,7,low-usage role players
Hollis Thompson,2014-15,7,low-usage role players
Iman Shumpert,2014-15,7,low-usage role players
Isaiah Thomas,2014-15,3,ball-dominant scorers
JJ Redick,2014-15,6,sharpshooters
JR Smith,2014-15,6,sharpshooters
Jabari Brown,2014-15,6,sharpshooters
Jabari Parker,2014-15,1,versatile forwards
Jamal Crawford,2014-15,6,sharpshooters
James Harden,2014-15,3,ball-dominant scorers
Jared Dudley,2014-15,7,low-usage role players
Jared Sullinger,2014-15,2,stretch forwards / big men
Jarrett Jack,2014-15,4,floor generals
Jason Thompson,2014-15,5,traditional centers
Jeff Green,2014-15,1,versatile forwards
Jeff Teague,2014-15,3,ball-dominant scorers
Jeremy Lin,2014-15,4,floor generals
Jimmy Butler,2014-15,1,versatile forwards
Joakim Noah,2014-15,5,traditional centers
Jodie Meeks,2014-15,6,sharpshooters
Joe Johnson,2014-15,6,sharpshooters
John Wall,2014-15,3,ball-dominant scorers
Jonas Valanciunas,2014-15,5,traditional centers
Jordan Clarkson,2014-15,4,floor generals
Jordan Hill,2014-15,2,stretch forwards / big men
Jose Calderon,2014-15,4,floor generals
Josh Smith,2014-15,2,stretch forwards / big men
Jrue Holiday,2014-15,4,floor generals
Kawhi Leonard,2014-15,1,versatile forwards
Kemba Walker,2014-15,4,floor generals
Kenneth Faried,2014-15,5,traditional centers
Kentavious Caldwell-Pope,2014-15,6,sharpshooters
Kevin Durant,2014-15,3,ball-dominant scorers
Kevin Love,2014-15,2,stretch forwards / big men
Kevin Martin,2014-15,6,sharpshooters
Khris Middleton,2014-15,6,sharpshooters
Kirk Hinrich,2014-15,7,low-usage role players
Klay Thompson,2014-15,6,sharpshooters
Kobe Bryant,2014-15,3,ball-dominant scorers
Kyle Korver,2014-15,7,low-usage role players
Kyle Lowry,2014-15,4,floor generals
Kyrie Irving,2014-15,3,ball-dominant scorers
LaMarcus Aldridge,2014-15,2,stretch forwards / big men
Lance Stephenson,2014-15,4,floor generals
Lance Thomas,2014-15,1,versatile forwards
Langston Galloway,2014-15,4,floor generals
LeBron James,2014-15,3,ball-dominant scorers
Lou Williams,2014-15,3,ball-dominant scorers
Luc Mbah a Moute,2014-15,1,versatile forwards
Luol Deng,2014-15,1,versatile forwards
Marc Gasol,2014-15,2,stretch forwards / big men
Marcin Gortat,2014-15,5,traditional centers
Marcus Morris Sr.,2014-15,6,sharpshooters
Marcus Smart,2014-15,7,low-usage role players
Mario Chalmers,2014-15,4,floor generals
Markieff Morris,2014-15,2,stretch forwards / big men
Marvin Williams,2014-15,7,low-usage role players
Matt Barnes,2014-15,7,low-usage role players
Michael Carter-Williams,2014-15,4,floor generals
Michael Kidd-Gilchrist,2014-15,1,versatile forwards
Mike Conley,2014-15,4,floor generals
Mike Dunleavy,2014-15,7,low-usage role players
Mo Williams,2014-15,4,floor generals
Monta Ellis,2014-15,4,floor generals
Nene,2014-15,2,stretch forwards / big men
Nerlens Noel,2014-15,5,traditional centers
Nick Young,2014-15,6,sharpshooters
Nicolas Batum,2014-15,7,low-usage role players
Nikola Pekovic,2014-15,5,traditional centers
Nikola Vucevic,2014-15,2,stretch forwards / big men
Norris Cole,2014-15,4,floor generals
O.J. Mayo,2014-15,6,sharpshooters
Omer Asik,2014-15,5,traditional centers
P.J. Tucker,2014-15,7,low-usage role players
Patrick Beverley,2014-15,7,low-usage role players
Patrick Patterson,2014-15,7,low-usage role players
Pau Gasol,2014-15,2,stretch forwards / big men
Paul Millsap,2014-15,2,stretch forwards / big men
Paul Pierce,2014-15,6,sharpshooters
Quincy Pondexter,2014-15,7,low-usage role players
Quincy Pondexter,2014-15,7,low-usage role players
Rajon Rondo,2014-15,4,floor generals
Reggie Jackson,2014-15,4,floor generals
Ricky Rubio,2014-15,4,floor generals
Robert Covington,2014-15,6,sharpshooters
Robin Lopez,2014-15,5,traditional centers
Rodney Stuckey,2014-15,4,floor generals
Roy Hibbert,2014-15,5,traditional centers
Rudy Gay,2014-15,3,ball-dominant scorers
Rudy Gobert,2014-15,5,traditional centers
Russell Westbrook,2014-15,3,ball-dominant scorers
Ryan Anderson,2014-15,6,sharpshooters
Ryan Kelly,2014-15,7,low-usage role players
Serge Ibaka,2014-15,2,stretch forwards / big men
Shane Larkin,2014-15,4,floor generals
Solomon Hill,2014-15,7,low-usage role players
Stephen Curry,2014-15,3,ball-dominant scorers
Steven Adams,2014-15,5,traditional centers
Taj Gibson,2014-15,5,traditional centers
Tayshaun Prince,2014-15,7,low-usage role players
Terrence Jones,2014-15,5,traditional centers
Terrence Ross,2014-15,6,sharpshooters
Thaddeus Young,2014-15,1,versatile forwards
Tim Duncan,2014-15,2,stretch forwards / big men
Tim Hardaway Jr.,2014-15,6,sharpshooters
Timofey Mozgov,2014-15,5,traditional centers
Tobias Harris,2014-15,1,versatile forwards
Tony Allen,2014-15,1,versatile forwards
Tony Parker,2014-15,4,floor generals
Tony Wroten,2014-15,4,floor generals
Trevor Ariza,2014-15,7,low-usage role players
Trey Burke,2014-15,4,floor generals
Tristan Thompson,2014-15,5,traditional centers
Ty Lawson,2014-15,4,floor generals
Tyreke Evans,2014-15,4,floor generals
Tyson Chandler,2014-15,5,traditional centers
Victor Oladipo,2014-15,4,floor generals
Wayne Ellington,2014-15,6,sharpshooters
Wesley Johnson,2014-15,6,sharpshooters
Wesley Matthews,2014-15,6,sharpshooters
Wilson Chandler,2014-15,1,versatile forwards
Zach LaVine,2014-15,4,floor generals
Zach Randolph,2014-15,2,stretch forwards / big men
Zaza Pachulia,2014-15,5,traditional centers
Aaron Gordon,2015-16,1,versatile forwards
Al Horford,2015-16,2,stretch forwards / big men
Al Jefferson,2015-16,2,stretch forwards / big men
Al-Farouq Aminu,2015-16,7,low-usage role players
Alec Burks,2015-16,4,floor generals
Alex Len,2015-16,5,traditional centers
Allen Crabbe,2015-16,6,sharpshooters
Andre Drummond,2015-16,5,traditional centers
Andre Iguodala,2015-16,7,low-usage role players
Andrew Wiggins,2015-16,1,versatile forwards
Anthony Davis,2015-16,2,stretch forwards / big men
Arron Afflalo,2015-16,6,sharpshooters
Avery Bradley,2015-16,6,sharpshooters
Blake Griffin,2015-16,2,stretch forwards / big men
Bojan Bogdanovic,2015-16,6,sharpshooters
Bradley Beal,2015-16,6,sharpshooters
Brandon Knight,2015-16,4,floor generals
Brook Lopez,2015-16,2,stretch forwards / big men
CJ McCollum,2015-16,4,floor generals
Carmelo Anthony,2015-16,2,stretch forwards / big men
Chandler Parsons,2015-16,6,sharpshooters
Chris Bosh,2015-16,2,stretch forwards / big men
Chris Paul,2015-16,3,ball-dominant scorers
Cody Zeller,2015-16,5,traditional centers
Cory Joseph,2015-16,4,floor generals
Courtney Lee,2015-16,6,sharpshooters
D'Angelo Russell,2015-16,4,floor generals
Damian Lillard,2015-16,3,ball-dominant scorers
Danilo Gallinari,2015-16,1,versatile forwards
Danny Green,2015-16,7,low-usage role players
Dante Cunningham,2015-16,7,low-usage role players
Darren Collison,2015-16,4,floor generals
DeAndre Jordan,2015-16,5,traditional centers
DeMar DeRozan,2015-16,3,ball-dominant scorers
DeMarcus Cousins,2015-16,2,stretch forwards / big men
DeMarre Carroll,2015-16,7,low-usage role players
Deron Williams,2015-16,4,floor generals
Derrick Favors,2015-16,5,traditional centers
Derrick Rose,2015-16,4,floor generals
Devin Booker,2015-16,6,sharpshooters
Dion Waiters,2015-16,6,sharpshooters
Dirk Nowitzki,2015-16,2,stretch forwards / big men
Draymond Green,2015-16,2,stretch forwards / big men
Dwight Howard,2015-16,5,traditional centers
Dwyane Wade,2015-16,3,ball-dominant scorers
Elfrid Payton,2015-16,4,floor generals
Emmanuel Mudiay,2015-16,4,floor generals
Eric Bledsoe,2015-16,3,ball-dominant scorers
Eric Gordon,2015-16,6,sharpshooters
Ersan Ilyasova,2015-16,1,versatile forwards
Evan Fournier,2015-16,6,sharpshooters
Evan Turner,2015-16,4,floor generals
Garrett Temple,2015-16,7,low-usage role players
Gary Harris,2015-16,6,sharpshooters
George Hill,2015-16,6,sharpshooters
Giannis Antetokounmpo,2015-16,1,versatile forwards
Goran Dragic,2015-16,4,floor generals
Gordon Hayward,2015-16,3,ball-dominant scorers
Gorgui Dieng,2015-16,5,traditional centers
Greg Monroe,2015-16,5,traditional centers
Harrison Barnes,2015-16,7,low-usage role players
Hassan Whiteside,2015-16,5,traditional centers
Hollis Thompson,2015-16,7,low-usage role players
Ian Mahinmi,2015-16,5,traditional centers
Iman Shumpert,2015-16,7,low-usage role players
Isaiah Canaan,2015-16,6,sharpshooters
Isaiah Thomas,2015-16,3,ball-dominant scorers
Ish Smith,2015-16,4,floor generals
JJ Redick,2015-16,6,sharpshooters
JR Smith,2015-16,6,sharpshooters
Jabari Parker,2015-16,1,versatile forwards
Jae Crowder,2015-16,7,low-usage role players
Jahlil Okafor,2015-16,2,stretch forwards / big men
Jamal Crawford,2015-16,6,sharpshooters
Jameer Nelson,2015-16,4,floor generals
James Harden,2015-16,3,ball-dominant scorers
Jared Dudley,2015-16,7,low-usage role players
Jared Sullinger,2015-16,2,stretch forwards / big men
Jarrett Jack,2015-16,4,floor generals
Jeff Green,2015-16,1,versatile forwards
Jeff Teague,2015-16,3,ball-dominant scorers
Jerami Grant,2015-16,1,versatile forwards
Jeremy Lin,2015-16,4,floor generals
Jerryd Bayless,2015-16,6,sharpshooters
Jimmy Butler,2015-16,3,ball-dominant scorers
Joe Johnson,2015-16,6,sharpshooters
John Wall,2015-16,3,ball-dominant scorers
Jonas Valanciunas,2015-16,5,traditional centers
Jordan Clarkson,2015-16,4,floor generals
Jose Calderon,2015-16,4,floor generals
Jrue Holiday,2015-16,4,floor generals
Julius Randle,2015-16,5,traditional centers
Justise Winslow,2015-16,1,versatile forwards
Karl-Anthony Towns,2015-16,2,stretch forwards / big men
Kawhi Leonard,2015-16,3,ball-dominant scorers
Kemba Walker,2015-16,3,ball-dominant scorers
Kenneth Faried,2015-16,5,traditional centers
Kent Bazemore,2015-16,7,low-usage role players
Kentavious Caldwell-Pope,2015-16,6,sharpshooters
Kevin Durant,2015-16,3,ball-dominant scorers
Kevin Love,2015-16,2,stretch forwards / big men
Khris Middleton,2015-16,6,sharpshooters
Klay Thompson,2015-16,6,sharpshooters
Kobe Bryant,2015-16,6,sharpshooters
Kristaps Porzingis,2015-16,2,stretch forwards / big men
Kyle Korver,2015-16,7,low-usage role players
Kyle Lowry,2015-16,3,ball-dominant scorers
Kyrie Irving,2015-16,4,floor generals
LaMarcus Aldridge,2015-16,2,stretch forwards / big men
Langston Galloway,2015-16,4,floor generals
LeBron James,2015-16,3,ball-dominant scorers
Lou Williams,2015-16,6,sharpshooters
Luol Deng,2015-16,7,low-usage role players
Marc Gasol,2015-16,2,stretch forwards / big men
Marcin Gortat,2015-16,5,traditional centers
Marco Belinelli,2015-16,6,sharpshooters
Marcus Morris Sr.,2015-16,6,sharpshooters
Marcus Smart,2015-16,4,floor generals
Markieff Morris,2015-16,2,stretch forwards / big men
Marvin Williams,2015-16,7,low-usage role players
Mason Plumlee,2015-16,5,traditional centers
Matt Barnes,2015-16,7,low-usage role players
Matthew Dellavedova,2015-16,4,floor generals
Michael Carter-Williams,2015-16,4,floor generals
Mike Conley,2015-16,4,floor generals
Monta Ellis,2015-16,4,floor generals
Nerlens Noel,2015-16,5,traditional centers
Nicolas Batum,2015-16,6,sharpshooters
Nik Stauskas,2015-16,7,low-usage role players
Nikola Mirotic,2015-16,7,low-usage role players
Nikola Vucevic,2015-16,2,stretch forwards / big men
Norris Cole,2015-16,4,floor generals
O.J. Mayo,2015-16,6,sharpshooters
Omri Casspi,2015-16,7,low-usage role players
Otto Porter Jr.,2015-16,7,low-usage role players
P.J. Tucker,2015-16,7,low-usage role players
Patrick Beverley,2015-16,7,low-usage role players
Patrick Patterson,2015-16,7,low-usage role players
Pau Gasol,2015-16,2,stretch forwards / big men
Paul George,2015-16,3,ball-dominant scorers
Paul Millsap,2015-16,2,stretch forwards / big men
Rajon Rondo,2015-16,4,floor generals
Raymond Felton,2015-16,4,floor generals
Reggie Jackson,2015-16,3,ball-dominant scorers
Ricky Rubio,2015-16,4,floor generals
Robert Covington,2015-16,7,low-usage role players
Robin Lopez,2015-16,5,traditional centers
Rodney Hood,2015-16,6,sharpshooters
Roy Hibbert,2015-16,5,traditional centers
Rudy Gay,2015-16,1,versatile forwards
Rudy Gobert,2015-16,5,traditional centers
Russell Westbrook,2015-16,3,ball-dominant scorers
Ryan Anderson,2015-16,1,versatile forwards
Serge Ibaka,2015-16,2,stretch forwards / big men
Stanley Johnson,2015-16,7,low-usage role players
Stephen Curry,2015-16,3,ball-dominant scorers
Steven Adams,2015-16,5,traditional centers
Taj Gibson,2015-16,5,traditional centers
Terrence Ross,2015-16,6,sharpshooters
Thabo Sefolosha,2015-16,7,low-usage role players
Thaddeus Young,2015-16,2,stretch forwards / big men
Tim Duncan,2015-16,5,traditional centers
Tobias Harris,2015-16,1,versatile forwards
Tony Allen,2015-16,1,versatile forwards
Tony Parker,2015-16,4,floor generals
Trevor Ariza,2015-16,7,low-usage role players
Tristan Thompson,2015-16,5,traditional centers
Tyler Johnson,2015-16,4,floor generals
Tyreke Evans,2015-16,4,floor generals
Tyson Chandler,2015-16,5,traditional centers
Victor Oladipo,2015-16,4,floor generals
Wesley Matthews,2015-16,6,sharpshooters
Will Barton,2015-16,1,versatile forwards
Zach LaVine,2015-16,6,sharpshooters
Zach Randolph,2015-16,2,stretch forwards / big men
Zaza Pachulia,2015-16,5,traditional centers
Aaron Gordon,2016-17,1,versatile forwards
Al Horford,2016-17,2,stretch forwards / big men
Al-Farouq Aminu,2016-17,7,low-usage role players
Allen Crabbe,2016-17,7,low-usage role players
Andre Drummond,2016-17,5,traditional centers
Andre Iguodala,2016-17,7,low-usage role players
Andre Roberson,2016-17,7,low-usage role players
Andrew Wiggins,2016-17,1,versatile forwards
Anthony Davis,2016-17,2,stretch forwards / big men
Arron Afflalo,2016-17,6,sharpshooters
Austin Rivers,2016-17,4,floor generals
Avery Bradley,2016-17,6,sharpshooters
Blake Griffin,2016-17,2,stretch forwards / big men
Bojan Bogdanovic,2016-17,6,sharpshooters
Bradley Beal,2016-17,6,sharpshooters
Brandon Ingram,2016-17,1,versatile forwards
Brook Lopez,2016-17,2,stretch forwards / big men
Buddy Hield,2016-17,6,sharpshooters
CJ McCollum,2016-17,3,ball-dominant scorers
CJ Miles,2016-17,7,low-usage role players
Carmelo Anthony,2016-17,2,stretch forwards / big men
Chris Paul,2016-17,3,ball-dominant scorers
Clint Capela,2016-17,5,traditional centers
Cody Zeller,2016-17,5,traditional centers
Cory Joseph,2016-17,4,floor generals
Courtney Lee,2016-17,6,sharpshooters
D'Angelo Russell,2016-17,4,floor generals
Damian Lillard,2016-17,3,ball-dominant scorers
Danilo Gallinari,2016-17,6,sharpshooters
Danny Green,2016-17,7,low-usage role players
Dante Cunningham,2016-17,7,low-usage role players
Dario Saric,2016-17,1,versatile forwards
Darren Collison,2016-17,4,floor generals
DeAndre Jordan,2016-17,5,traditional centers
DeMar DeRozan,2016-17,3,ball-dominant scorers
DeMarcus Cousins,2016-17,2,stretch forwards / big men
DeMarre Carroll,2016-17,7,low-usage role players
Dennis Schroder,2016-17,3,ball-dominant scorers
Deron Williams,2016-17,4,floor generals
Derrick Favors,2016-17,5,traditional centers
Derrick Rose,2016-17,4,floor generals
Devin Booker,2016-17,3,ball-dominant scorers
Dion Waiters,2016-17,4,floor generals
Dirk Nowitzki,2016-17,2,stretch forwards / big men
Draymond Green,2016-17,7,low-usage role players
Dwight Howard,2016-17,5,traditional centers
Dwyane Wade,2016-17,3,ball-dominant scorers
E'Twaun Moore,2016-17,6,sharpshooters
Elfrid Payton,2016-17,4,floor generals
Emmanuel Mudiay,2016-17,4,floor generals
Eric Bledsoe,2016-17,3,ball-dominant scorers
Eric Gordon,2016-17,6,sharpshooters
Ersan Ilyasova,2016-17,1,versatile forwards
Evan Fournier,2016-17,6,sharpshooters
Evan Turner,2016-17,4,floor generals
Frank Kaminsky,2016-17,1,versatile forwards
Garrett Temple,2016-17,7,low-usage role players
Gary Harris,2016-17,6,sharpshooters
George Hill,2016-17,4,floor generals
Gerald Henderson,2016-17,6,sharpshooters
Giannis Antetokounmpo,2016-17,3,ball-dominant scorers
Goran Dragic,2016-17,4,floor generals
Gordon Hayward,2016-17,3,ball-dominant scorers
Gorgui Dieng,2016-17,5,traditional centers
Harrison Barnes,2016-17,1,versatile forwards
Hassan Whiteside,2016-17,5,traditional centers
Iman Shumpert,2016-17,7,low-usage role players
Isaiah Thomas,2016-17,3,ball-dominant scorers
Ish Smith,2016-17,4,floor generals
JJ Redick,2016-17,6,sharpshooters
JR Smith,2016-17,7,low-usage role players
JaMychal Green,2016-17,1,versatile forwards
Jabari Parker,2016-17,1,versatile forwards
Jae Crowder,2016-17,7,low-usage role players
Jamal Crawford,2016-17,6,sharpshooters
Jameer Nelson,2016-17,4,floor generals
James Ennis III,2016-17,7,low-usage role players
James Harden,2016-17,3,ball-dominant scorers
James Johnson,2016-17,1,versatile forwards
Jeff Teague,2016-17,4,floor generals
Jeremy Lin,2016-17,4,floor generals
Jimmy Butler,2016-17,3,ball-dominant scorers
Joe Ingles,2016-17,7,low-usage role players
Joe Johnson,2016-17,6,sharpshooters
Joel Embiid,2016-17,2,stretch forwards / big men
John Wall,2016-17,3,ball-dominant scorers
Jon Leuer,2016-17,1,versatile forwards
Jonas Valanciunas,2016-17,0,high-usage big men
Jordan Clarkson,2016-17,4,floor generals
Jordan Crawford,2016-17,6,sharpshooters
Josh Richardson,2016-17,6,sharpshooters
Jrue Holiday,2016-17,4,floor generals
Julius Randle,2016-17,1,versatile forwards
Justise Winslow,2016-17,1,versatile forwards
Karl-Anthony Towns,2016-17,2,stretch forwards / big men
Kawhi Leonard,2016-17,3,ball-dominant scorers
Kemba Walker,2016-17,3,ball-dominant scorers
Kent Bazemore,2016-17,6,sharpshooters
Kentavious Caldwell-Pope,2016-17,6,sharpshooters
Kevin Durant,2016-17,3,ball-dominant scorers
Kevin Love,2016-17,1,versatile forwards
Khris Middleton,2016-17,6,sharpshooters
Klay Thompson,2016-17,6,sharpshooters
Kristaps Porzingis,2016-17,2,stretch forwards / big men
Kyle Korver,2016-17,7,low-usage role players
Kyle Lowry,2016-17,3,ball-dominant scorers
Kyrie Irving,2016-17,3,ball-dominant scorers
LaMarcus Aldridge,2016-17,2,stretch forwards / big men
LeBron James,2016-17,3,ball-dominant scorers
Lou Williams,2016-17,3,ball-dominant scorers
Luol Deng,2016-17,7,low-usage role players
Malcolm Brogdon,2016-17,4,floor generals
Marc Gasol,2016-17,2,stretch forwards / big men
Marcin Gortat,2016-17,5,traditional centers
Marco Belinelli,2016-17,6,sharpshooters
Marcus Morris Sr.,2016-17,6,sharpshooters
Marcus Smart,2016-17,4,floor generals
Markieff Morris,2016-17,1,versatile forwards
Marvin Williams,2016-17,7,low-usage role players
Mason Plumlee,2016-17,5,traditional centers
Matt Barnes,2016-17,7,low-usage role players
Matthew Dellavedova,2016-17,4,floor generals
Maurice Harkless,2016-17,7,low-usage role players
Michael Kidd-Gilchrist,2016-17,1,versatile forwards
Mike Conley,2016-17,3,ball-dominant scorers
Monta Ellis,2016-17,4,floor generals
Myles Turner,2016-17,2,stretch forwards / big men
Nick Young,2016-17,6,sharpshooters
Nicolas Batum,2016-17,4,floor generals
Nik Stauskas,2016-17,6,sharpshooters
Nikola Jokic,2016-17,0,high-usage big men
Nikola Mirotic,2016-17,7,low-usage role players
Nikola Vucevic,2016-17,2,stretch forwards / big men
Otto Porter Jr.,2016-17,7,low-usage role players
P.J. Tucker,2016-17,7,low-usage role players
Patrick Beverley,2016-17,7,low-usage role players
Patrick Patterson,2016-17,7,low-usage role players
Pau Gasol,2016-17,2,stretch forwards / big men
Paul George,2016-17,3,ball-dominant scorers
Paul Millsap,2016-17,2,stretch forwards / big men
Rajon Rondo,2016-17,4,floor generals
Reggie Jackson,2016-17,4,floor generals
Ricky Rubio,2016-17,4,floor generals
Robert Covington,2016-17,7,low-usage role players
Robin Lopez,2016-17,5,traditional centers
Rodney Hood,2016-17,6,sharpshooters
Rodney McGruder,2016-17,7,low-usage role players
Rudy Gay,2016-17,1,versatile forwards
Rudy Gobert,2016-17,5,traditional centers
Russell Westbrook,2016-17,3,ball-dominant scorers
Ryan Anderson,2016-17,7,low-usage role players
Sean Kilpatrick,2016-17,6,sharpshooters
Serge Ibaka,2016-17,2,stretch forwards / big men
Seth Curry,2016-17,6,sharpshooters
Solomon Hill,2016-17,7,low-usage role players
Stephen Curry,2016-17,3,ball-dominant scorers
Steven Adams,2016-17,5,traditional centers
T.J. McConnell,2016-17,4,floor generals
T.J. Warren,2016-17,1,versatile forwards
Taj Gibson,2016-17,5,traditional centers
Terrence Jones,2016-17,1,versatile forwards
Terrence Ross,2016-17,6,sharpshooters
Thabo Sefolosha,2016-17,7,low-usage role players
Thaddeus Young,2016-17,1,versatile forwards
Tim Frazier,2016-17,4,floor generals
Tim Hardaway Jr.,2016-17,6,sharpshooters
Tobias Harris,2016-17,1,versatile forwards
Tony Allen,2016-17,1,versatile forwards
Tony Parker,2016-17,4,floor generals
Tony Snell,2016-17,7,low-usage role players
Trevor Ariza,2016-17,7,low-usage role players
Trevor Booker,2016-17,1,versatile forwards
Tristan Thompson,2016-17,5,traditional centers
Ty Lawson,2016-17,4,floor generals
Tyler Johnson,2016-17,4,floor generals
Tyson Chandler,2016-17,5,traditional centers
Victor Oladipo,2016-17,6,sharpshooters
Vince Carter,2016-17,7,low-usage role players
Wayne Ellington,2016-17,6,sharpshooters
Wesley Matthews,2016-17,6,sharpshooters
Will Barton,2016-17,4,floor generals
Wilson Chandler,2016-17,1,versatile forwards
Yogi Ferrell,2016-17,4,floor generals
Zach LaVine,2016-17,6,sharpshooters
Zach Randolph,2016-17,2,stretch forwards / big men
Aaron Gordon,2017-18,1,versatile forwards
Al Horford,2017-18,0,high-usage big men
Al-Farouq Aminu,2017-18,7,low-usage role players
Allen Crabbe,2017-18,7,low-usage role players
Andre Drummond,2017-18,0,high-usage big men
Andre Iguodala,2017-18,7,low-usage role players
Andre Roberson,2017-18,7,low-usage role players
Andrew Harrison,2017-18,4,floor generals
Andrew Wiggins,2017-18,1,versatile forwards
Anthony Davis,2017-18,0,high-usage big men
Austin Rivers,2017-18,4,floor generals
Avery Bradley,2017-18,6,sharpshooters
Ben Simmons,2017-18,3,ball-dominant scorers
Blake Griffin,2017-18,3,ball-dominant scorers
Bogdan Bogdanovic,2017-18,6,sharpshooters
Bojan Bogdanovic,2017-18,6,sharpshooters
Bradley Beal,2017-18,3,ball-dominant scorers
Brandon Ingram,2017-18,1,versatile forwards
Brook Lopez,2017-18,0,high-usage big men
Buddy Hield,2017-18,6,sharpshooters
CJ McCollum,2017-18,4,floor generals
Cameron Payne,2017-18,4,floor generals
Caris LeVert,2017-18,4,floor generals
Carmelo Anthony,2017-18,1,versatile forwards
Chris Paul,2017-18,3,ball-dominant scorers
Clint Capela,2017-18,0,high-usage big men
Cory Joseph,2017-18,4,floor generals
Courtney Lee,2017-18,6,sharpshooters
D'Angelo Russell,2017-18,4,floor generals
D.J. Augustin,2017-18,4,floor generals
Damian Lillard,2017-18,3,ball-dominant scorers
Danilo Gallinari,2017-18,1,versatile forwards
Danny Green,2017-18,7,low-usage role players
Dario Saric,2017-18,1,versatile forwards
Darius Miller,2017-18,7,low-usage role players
Darren Collison,2017-18,4,floor generals
David Nwaba,2017-18,1,versatile forwards
De'Aaron Fox,2017-18,4,floor generals
DeAndre Jordan,2017-18,0,high-usage big men
DeMar DeRozan,2017-18,3,ball-dominant scorers
DeMarcus Cousins,2017-18,0,high-usage big men
DeMarre Carroll,2017-18,1,versatile forwards
Dennis Schroder,2017-18,3,ball-dominant scorers
Dennis Smith Jr.,2017-18,4,floor generals
Denzel Valentine,2017-18,7,low-usage role players
Derrick Favors,2017-18,0,high-usage big men
Devin Booker,2017-18,3,ball-dominant scorers
Dewayne Dedmon,2017-18,0,high-usage big men
Dillon Brooks,2017-18,1,versatile forwards
Dion Waiters,2017-18,4,floor generals
Dirk Nowitzki,2017-18,2,stretch forwards / big men
Domantas Sabonis,2017-18,0,high-usage big men
Donovan Mitchell,2017-18,3,ball-dominant scorers
Dragan Bender,2017-18,7,low-usage role players
Draymond Green,2017-18,1,versatile forwards
Dwight Howard,2017-18,0,high-usage big men
E'Twaun Moore,2017-18,7,low-usage role players
Elfrid Payton,2017-18,4,floor generals
Enes Kanter,2017-18,0,high-usage big men
Eric Bledsoe,2017-18,3,ball-dominant scorers
Eric Gordon,2017-18,6,sharpshooters
Ersan Ilyasova,2017-18,1,versatile forwards
Evan Fournier,2017-18,6,sharpshooters
Evan Turner,2017-18,1,versatile forwards
Frank Kaminsky,2017-18,1,versatile forwards
Garrett Temple,2017-18,7,low-usage role players
Gary Harris,2017-18,6,sharpshooters
George Hill,2017-18,4,floor generals
Giannis Antetokounmpo,2017-18,3,ball-dominant scorers
Goran Dragic,2017-18,4,floor generals
Harrison Barnes,2017-18,1,versatile forwards
Hassan Whiteside,2017-18,0,high-usage big men
Isaiah Thomas,2017-18,4,floor generals
Ish Smith,2017-18,4,floor generals
J.J. Barea,2017-18,4,floor generals
JJ Redick,2017-18,6,sharpshooters
JR Smith,2017-18,7,low-usage role players
JaMychal Green,2017-18,1,versatile forwards
Jabari Parker,2017-18,1,versatile forwards
Jae Crowder,2017-18,7,low-usage role players
Jamal Murray,2017-18,4,floor generals
James Harden,2017-18,3,ball-dominant scorers
James Johnson,2017-18,1,versatile forwards
Jarrett Jack,2017-18,4,floor generals
Jaylen Brown,2017-18,1,versatile forwards
Jayson Tatum,2017-18,1,versatile forwards
Jeff Green,2017-18,1,versatile forwards
Jeff Teague,2017-18,4,floor generals
Jeremy Lamb,2017-18,6,sharpshooters
Jerryd Bayless,2017-18,7,low-usage role players
Jimmy Butler,2017-18,3,ball-dominant scorers
Joe Harris,2017-18,7,low-usage role players
Joe Ingles,2017-18,7,low-usage role players
Joel Embiid,2017-18,0,high-usage big men
John Collins,2017-18,0,high-usage big men
John Henson,2017-18,0,high-usage big men
John Wall,2017-18,3,ball-dominant scorers
Jonathon Simmons,2017-18,4,floor generals
Jordan Clarkson,2017-18,4,floor generals
Josh Hart,2017-18,7,low-usage role players
Josh Jackson,2017-18,1,versatile forwards
Josh Richardson,2017-18,6,sharpshooters
Jrue Holiday,2017-18,4,floor generals
Julius Randle,2017-18,0,high-usage big men
Justin Holiday,2017-18,7,low-usage role players
Justise Winslow,2017-18,1,versatile forwards
Jusuf Nurkic,2017-18,0,high-usage big men
Karl-Anthony Towns,2017-18,0,high-usage big men
Kelly Olynyk,2017-18,0,high-usage big men
Kelly Oubre Jr.,2017-18,1,versatile forwards
Kemba Walker,2017-18,3,ball-dominant scorers
Kent Bazemore,2017-18,6,sharpshooters
Kentavious Caldwell-Pope,2017-18,7,low-usage role players
Kevin Durant,2017-18,3,ball-dominant scorers
Kevin Love,2017-18,0,high-usage big men
Khris Middleton,2017-18,1,versatile forwards
Klay Thompson,2017-18,6,sharpshooters
Kris Dunn,2017-18,4,floor generals
Kristaps Porzingis,2017-18,2,stretch forwards / big men
Kyle Anderson,2017-18,1,versatile forwards
Kyle Kuzma,2017-18,1,versatile forwards
Kyle Lowry,2017-18,3,ball-dominant scorers
Kyrie Irving,2017-18,3,ball-dominant scorers
LaMarcus Aldridge,2017-18,0,high-usage big men
Lauri Markkanen,2017-18,1,versatile forwards
LeBron James,2017-18,3,ball-dominant scorers
Lonzo Ball,2017-18,4,floor generals
Lou Williams,2017-18,3,ball-dominant scorers
Luc Mbah a Moute,2017-18,7,low-usage role players
Malcolm Brogdon,2017-18,4,floor generals
Marc Gasol,2017-18,2,stretch forwards / big men
Marcin Gortat,2017-18,0,high-usage big men
Marco Belinelli,2017-18,6,sharpshooters
Marcus Morris Sr.,2017-18,1,versatile forwards
Marcus Smart,2017-18,4,floor generals
Markieff Morris,2017-18,1,versatile forwards
Marvin Williams,2017-18,7,low-usage role players
Michael Kidd-Gilchrist,2017-18,1,versatile forwards
Milos Teodosic,2017-18,4,floor generals
Myles Turner,2017-18,0,high-usage big men
Nicolas Batum,2017-18,6,sharpshooters
Nikola Jokic,2017-18,0,high-usage big men
Nikola Mirotic,2017-18,1,versatile forwards
Nikola Vucevic,2017-18,0,high-usage big men
Otto Porter Jr.,2017-18,1,versatile forwards
P.J. Tucker,2017-18,7,low-usage role players
Patty Mills,2017-18,6,sharpshooters
Pau Gasol,2017-18,0,high-usage big men
Paul George,2017-18,1,versatile forwards
Paul Millsap,2017-18,1,versatile forwards
Rajon Rondo,2017-18,4,floor generals
Reggie Bullock,2017-18,7,low-usage role players
Reggie Jackson,2017-18,4,floor generals
Ricky Rubio,2017-18,4,floor generals
Robert Covington,2017-18,7,low-usage role players
Robin Lopez,2017-18,0,high-usage big men
Rodney Hood,2017-18,6,sharpshooters
Rondae Hollis-Jefferson,2017-18,1,versatile forwards
Rudy Gobert,2017-18,0,high-usage big men
Russell Westbrook,2017-18,3,ball-dominant scorers
Ryan Anderson,2017-18,7,low-usage role players
Serge Ibaka,2017-18,1,versatile forwards
Spencer Dinwiddie,2017-18,4,floor generals
Stanley Johnson,2017-18,7,low-usage role players
Stephen Curry,2017-18,3,ball-dominant scorers
Steven Adams,2017-18,0,high-usage big men
T.J. Warren,2017-18,1,versatile forwards
Taj Gibson,2017-18,0,high-usage big men
Taurean Prince,2017-18,6,sharpshooters
Terrence Ross,2017-18,7,low-usage role players
Terry Rozier,2017-18,4,floor generals
Thaddeus Young,2017-18,1,versatile forwards
Tim Hardaway Jr.,2017-18,6,sharpshooters
Tobias Harris,2017-18,1,versatile forwards
Tony Snell,2017-18,7,low-usage role players
Trevor Ariza,2017-18,7,low-usage role players
Tyler Johnson,2017-18,6,sharpshooters
Tyler Ulis,2017-18,4,floor generals
Tyreke Evans,2017-18,3,ball-dominant scorers
Tyrone Wallace,2017-18,1,versatile forwards
Tyson Chandler,2017-18,0,high-usage big men
Victor Oladipo,2017-18,3,ball-dominant scorers
Wayne Ellington,2017-18,7,low-usage role players
Wesley Matthews,2017-18,6,sharpshooters
Will Barton,2017-18,4,floor generals
Willie Cauley-Stein,2017-18,0,high-usage big men
Wilson Chandler,2017-18,7,low-usage role players
Yogi Ferrell,2017-18,6,sharpshooters
Zach LaVine,2017-18,4,floor generals
Zach Randolph,2017-18,2,stretch forwards / big men
Aaron Gordon,2018-19,1,versatile forwards
Al Horford,2018-19,0,high-usage big men
Al-Farouq Aminu,2018-19,7,low-usage role players
Allen Crabbe,2018-19,7,low-usage role players
Andre Drummond,2018-19,0,high-usage big men
Andre Iguodala,2018-19,7,low-usage role players
Andrew Wiggins,2018-19,1,versatile forwards
Anthony Davis,2018-19,0,high-usage big men
Austin Rivers,2018-19,7,low-usage role players
Avery Bradley,2018-19,6,sharpshooters
Bam Adebayo,2018-19,0,high-usage big men
Ben Simmons,2018-19,3,ball-dominant scorers
Blake Griffin,2018-19,3,ball-dominant scorers
Bobby Portis,2018-19,0,high-usage big men
Bogdan Bogdanovic,2018-19,4,floor generals
Bojan Bogdanovic,2018-19,6,sharpshooters
Bradley Beal,2018-19,3,ball-dominant scorers
Brandon Ingram,2018-19,1,versatile forwards
Brook Lopez,2018-19,7,low-usage role players
Bruno Caboclo,2018-19,7,low-usage role players
Bryn Forbes,2018-19,6,sharpshooters
Buddy Hield,2018-19,6,sharpshooters
CJ McCollum,2018-19,6,sharpshooters
Caris LeVert,2018-19,4,floor generals
Cedi Osman,2018-19,1,versatile forwards
Chris Paul,2018-19,3,ball-dominant scorers
Clint Capela,2018-19,0,high-usage big men
Cody Zeller,2018-19,0,high-usage big men
Collin Sexton,2018-19,4,floor generals
Cory Joseph,2018-19,4,floor generals
D'Angelo Russell,2018-19,3,ball-dominant scorers
D.J. Augustin,2018-19,4,floor generals
Damian Lillard,2018-19,3,ball-dominant scorers
Damyean Dotson,2018-19,6,sharpshooters
Danilo Gallinari,2018-19,1,versatile forwards
Danny Green,2018-19,7,low-usage role players
Danuel House Jr.,2018-19,7,low-usage role players
Dario Saric,2018-19,1,versatile forwards
Darius Miller,2018-19,7,low-usage role players
Darren Collison,2018-19,4,floor generals
De'Aaron Fox,2018-19,3,ball-dominant scorers
DeAndre Jordan,2018-19,0,high-usage big men
DeAndre' Bembry,2018-19,1,versatile forwards
DeMar DeRozan,2018-19,3,ball-dominant scorers
DeMarcus Cousins,2018-19,0,high-usage big men
DeMarre Carroll,2018-19,7,low-usage role players
Deandre Ayton,2018-19,0,high-usage big men
Dennis Schroder,2018-19,4,floor generals
Dennis Smith Jr.,2018-19,4,floor generals
Derrick Favors,2018-19,0,high-usage big men
Derrick Rose,2018-19,3,ball-dominant scorers
Derrick White,2018-19,4,floor generals
Devin Booker,2018-19,3,ball-dominant scorers
Dewayne Dedmon,2018-19,0,high-usage big men
Dion Waiters,2018-19,6,sharpshooters
Domantas Sabonis,2018-19,0,high-usage big men
Donovan Mitchell,2018-19,3,ball-dominant scorers
Dorian Finney-Smith,2018-19,7,low-usage role players
Draymond Green,2018-19,7,low-usage role players
Dwyane Wade,2018-19,4,floor generals
E'Twaun Moore,2018-19,6,sharpshooters
Elfrid Payton,2018-19,4,floor generals
Emmanuel Mudiay,2018-19,4,floor generals
Enes Kanter,2018-19,0,high-usage big men
Eric Bledsoe,2018-19,3,ball-dominant scorers
Eric Gordon,2018-19,6,sharpshooters
Evan Fournier,2018-19,6,sharpshooters
Fred VanVleet,2018-19,4,floor generals
Garrett Temple,2018-19,7,low-usage role players
Gary Harris,2018-19,6,sharpshooters
Giannis Antetokounmpo,2018-19,3,ball-dominant scorers
Goran Dragic,2018-19,4,floor generals
Gordon Hayward,2018-19,1,versatile forwards
Harrison Barnes,2018-19,1,versatile forwards
Hassan Whiteside,2018-19,0,high-usage big men
Iman Shumpert,2018-19,7,low-usage role players
JJ Redick,2018-19,6,sharpshooters
Jabari Parker,2018-19,1,versatile forwards
Jae Crowder,2018-19,7,low-usage role players
Jamal Murray,2018-19,4,floor generals
James Harden,2018-19,3,ball-dominant scorers
Jaren Jackson Jr.,2018-19,0,high-usage big men
Jarrett Allen,2018-19,0,high-usage big men
Jaylen Brown,2018-19,1,versatile forwards
Jayson Tatum,2018-19,1,versatile forwards
Jeff Green,2018-19,1,versatile forwards
Jeff Teague,2018-19,4,floor generals
Jerami Grant,2018-19,7,low-usage role players
Jeremy Lamb,2018-19,1,versatile forwards
Jimmy Butler,2018-19,1,versatile forwards
Joe Harris,2018-19,7,low-usage role players
Joe Ingles,2018-19,7,low-usage role players
Joel Embiid,2018-19,0,high-usage big men
John Collins,2018-19,0,high-usage big men
John Wall,2018-19,3,ball-dominant scorers
Jonathan Isaac,2018-19,7,low-usage role players
Jordan Clarkson,2018-19,6,sharpshooters
Josh Hart,2018-19,7,low-usage role players
Josh Jackson,2018-19,1,versatile forwards
Josh Okogie,2018-19,7,low-usage role players
Josh Richardson,2018-19,6,sharpshooters
Jrue Holiday,2018-19,4,floor generals
Julius Randle,2018-19,0,high-usage big men
Justin Holiday,2018-19,7,low-usage role players
Justise Winslow,2018-19,1,versatile forwards
Jusuf Nurkic,2018-19,0,high-usage big men
Karl-Anthony Towns,2018-19,0,high-usage big men
Kawhi Leonard,2018-19,3,ball-dominant scorers
Kelly Oubre Jr.,2018-19,1,versatile forwards
Kemba Walker,2018-19,3,ball-dominant scorers
Kenrich Williams,2018-19,7,low-usage role players
Kent Bazemore,2018-19,1,versatile forwards
Kentavious Caldwell-Pope,2018-19,7,low-usage role players
Kevin Durant,2018-19,3,ball-dominant scorers
Kevin Huerter,2018-19,7,low-usage role players
Kevin Knox II,2018-19,1,versatile forwards
Kevin Love,2018-19,1,versatile forwards
Khris Middleton,2018-19,3,ball-dominant scorers
Klay Thompson,2018-19,6,sharpshooters
Kris Dunn,2018-19,4,floor generals
Kyle Anderson,2018-19,1,versatile forwards
Kyle Kuzma,2018-19,1,versatile forwards
Kyle Lowry,2018-19,4,floor generals
Kyrie Irving,2018-19,3,ball-dominant scorers
LaMarcus Aldridge,2018-19,0,high-usage big men
Larry Nance Jr.,2018-19,0,high-usage big men
Lauri Markkanen,2018-19,1,versatile forwards
LeBron James,2018-19,3,ball-dominant scorers
Lonzo Ball,2018-19,7,low-usage role players
Lou Williams,2018-19,3,ball-dominant scorers
Luka Doncic,2018-19,3,ball-dominant scorers
Malcolm Brogdon,2018-19,1,versatile forwards
Malik Beasley,2018-19,6,sharpshooters
Marc Gasol,2018-19,0,high-usage big men
Marcus Morris Sr.,2018-19,1,versatile forwards
Marcus Smart,2018-19,7,low-usage role players
Marvin Bagley III,2018-19,0,high-usage big men
Marvin Williams,2018-19,7,low-usage role players
Maurice Harkless,2018-19,7,low-usage role players
Mikal Bridges,2018-19,7,low-usage role players
Mike Conley,2018-19,3,ball-dominant scorers
Monte Morris,2018-19,4,floor generals
Montrezl Harrell,2018-19,0,high-usage big men
Myles Turner,2018-19,0,high-usage big men
Nemanja Bjelica,2018-19,1,versatile forwards
Nicolas Batum,2018-19,7,low-usage role players
Nikola Jokic,2018-19,0,high-usage big men
Nikola Mirotic,2018-19,1,versatile forwards
Nikola Vucevic,2018-19,0,high-usage big men
Noah Vonleh,2018-19,1,versatile forwards
Otto Porter Jr.,2018-19,1,versatile forwards
P.J. Tucker,2018-19,7,low-usage role players
Pascal Siakam,2018-19,1,versatile forwards
Patrick Beverley,2018-19,7,low-usage role players
Patty Mills,2018-19,6,sharpshooters
Paul George,2018-19,3,ball-dominant scorers
Paul Millsap,2018-19,1,versatile forwards
Rajon Rondo,2018-19,4,floor generals
Reggie Bullock,2018-19,7,low-usage role players
Reggie Jackson,2018-19,4,floor generals
Ricky Rubio,2018-19,4,floor generals
Robert Covington,2018-19,7,low-usage role players
Rodney Hood,2018-19,6,sharpshooters
Rodney McGruder,2018-19,7,low-usage role players
Rudy Gay,2018-19,1,versatile forwards
Rudy Gobert,2018-19,0,high-usage big men
Russell Westbrook,2018-19,3,ball-dominant scorers
Ryan Arcidiacono,2018-19,7,low-usage role players
Serge Ibaka,2018-19,0,high-usage big men
Shai Gilgeous-Alexander,2018-19,4,floor generals
Spencer Dinwiddie,2018-19,3,ball-dominant scorers
Stephen Curry,2018-19,3,ball-dominant scorers
Steven Adams,2018-19,0,high-usage big men
T.J. Warren,2018-19,1,versatile forwards
Taj Gibson,2018-19,0,high-usage big men
Taurean Prince,2018-19,6,sharpshooters
Terrance Ferguson,2018-19,7,low-usage role players
Terrence Ross,2018-19,6,sharpshooters
Thaddeus Young,2018-19,1,versatile forwards
Tim Hardaway Jr.,2018-19,6,sharpshooters
Tobias Harris,2018-19,1,versatile forwards
Tomas Satoransky,2018-19,4,floor generals
Trae Young,2018-19,3,ball-dominant scorers
Trevor Ariza,2018-19,7,low-usage role players
Tristan Thompson,2018-19,0,high-usage big men
Tyler Johnson,2018-19,7,low-usage role players
Victor Oladipo,2018-19,3,ball-dominant scorers
Wayne Ellington,2018-19,7,low-usage role players
Wendell Carter Jr.,2018-19,0,high-usage big men
Wesley Matthews,2018-19,6,sharpshooters
Will Barton,2018-19,6,sharpshooters
Willie Cauley-Stein,2018-19,0,high-usage big men
Wilson Chandler,2018-19,7,low-usage role players
Zach LaVine,2018-19,3,ball-dominant scorers
Aaron Gordon,2019-20,1,versatile forwards
Aaron Holiday,2019-20,4,floor generals
Al Horford,2019-20,1,versatile forwards
Alec Burks,2019-20,4,floor generals
Andre Drummond,2019-20,0,high-usage big men
Andrew Wiggins,2019-20,1,versatile forwards
Anthony Davis,2019-20,0,high-usage big men
Austin Rivers,2019-20,6,sharpshooters
Avery Bradley,2019-20,7,low-usage role players
Bam Adebayo,2019-20,0,high-usage big men
Ben Simmons,2019-20,3,ball-dominant scorers
Blake Griffin,2019-20,1,versatile forwards
Bogdan Bogdanovic,2019-20,6,sharpshooters
Bojan Bogdanovic,2019-20,6,sharpshooters
Bradley Beal,2019-20,3,ball-dominant scorers
Brandon Ingram,2019-20,3,ball-dominant scorers
Brook Lopez,2019-20,1,versatile forwards
Bruce Brown,2019-20,4,floor generals
Bryn Forbes,2019-20,6,sharpshooters
Buddy Hield,2019-20,6,sharpshooters
CJ McCollum,2019-20,4,floor generals
Cam Reddish,2019-20,7,low-usage role players
Caris LeVert,2019-20,3,ball-dominant scorers
Carmelo Anthony,2019-20,1,versatile forwards
Cedi Osman,2019-20,1,versatile forwards
Chris Paul,2019-20,3,ball-dominant scorers
Clint Capela,2019-20,0,high-usage big men
Coby White,2019-20,6,sharpshooters
Cody Zeller,2019-20,0,high-usage big men
Collin Sexton,2019-20,4,floor generals
Cory Joseph,2019-20,4,floor generals
D'Angelo Russell,2019-20,3,ball-dominant scorers
D.J. Augustin,2019-20,4,floor generals
Damian Lillard,2019-20,3,ball-dominant scorers
Damion Lee,2019-20,7,low-usage role players
Daniel Theis,2019-20,0,high-usage big men
Danilo Gallinari,2019-20,6,sharpshooters
Danny Green,2019-20,7,low-usage role players
Danuel House Jr.,2019-20,7,low-usage role players
Dario Saric,2019-20,1,versatile forwards
Darius Garland,2019-20,4,floor generals
Davis Bertans,2019-20,7,low-usage role players
De'Aaron Fox,2019-20,3,ball-dominant scorers
De'Andre Hunter,2019-20,7,low-usage role players
DeMar DeRozan,2019-20,3,ball-dominant scorers
Deandre Ayton,2019-20,0,high-usage big men
Dejounte Murray,2019-20,4,floor generals
Dennis Schroder,2019-20,4,floor generals
Derrick Favors,2019-20,0,high-usage big men
Derrick Jones Jr.,2019-20,7,low-usage role players
Derrick Rose,2019-20,3,ball-dominant scorers
Derrick White,2019-20,4,floor generals
Devin Booker,2019-20,3,ball-dominant scorers
Devonte' Graham,2019-20,4,floor generals
Dillon Brooks,2019-20,1,versatile forwards
Domantas Sabonis,2019-20,0,high-usage big men
Donovan Mitchell,2019-20,3,ball-dominant scorers
Donte DiVincenzo,2019-20,7,low-usage role players
Dorian Finney-Smith,2019-20,7,low-usage role players
Draymond Green,2019-20,7,low-usage role players
Duncan Robinson,2019-20,7,low-usage role players
Dwight Powell,2019-20,0,high-usage big men
Elfrid Payton,2019-20,4,floor generals
Eric Bledsoe,2019-20,3,ball-dominant scorers
Eric Gordon,2019-20,6,sharpshooters
Eric Paschall,2019-20,1,versatile forwards
Evan Fournier,2019-20,6,sharpshooters
Fred VanVleet,2019-20,4,floor generals
Garrett Temple,2019-20,7,low-usage role players
Gary Harris,2019-20,7,low-usage role players
Giannis Antetokounmpo,2019-20,3,ball-dominant scorers
Glenn Robinson III,2019-20,1,versatile forwards
Goran Dragic,2019-20,4,floor generals
Gordon Hayward,2019-20,1,versatile forwards
Harrison Barnes,2019-20,1,versatile forwards
Hassan Whiteside,2019-20,0,high-usage big men
Isaiah Thomas,2019-20,4,floor generals
Ish Smith,2019-20,4,floor generals
JJ Redick,2019-20,6,sharpshooters
Ja Morant,2019-20,3,ball-dominant scorers
Jabari Parker,2019-20,1,versatile forwards
Jae Crowder,2019-20,7,low-usage role players
Jamal Murray,2019-20,4,floor generals
James Harden,2019-20,3,ball-dominant scorers
Jaren Jackson Jr.,2019-20,1,versatile forwards
Jarrett Allen,2019-20,0,high-usage big men
Jarrett Culver,2019-20,1,versatile forwards
Jaylen Brown,2019-20,1,versatile forwards
Jayson Tatum,2019-20,3,ball-dominant scorers
Jeff Teague,2019-20,4,floor generals
Jerami Grant,2019-20,1,versatile forwards
Jeremy Lamb,2019-20,6,sharpshooters
Jimmy Butler,2019-20,3,ball-dominant scorers
Joe Harris,2019-20,7,low-usage role players
Joe Ingles,2019-20,7,low-usage role players
Joel Embiid,2019-20,0,high-usage big men
John Collins,2019-20,0,high-usage big men
Jonas Valanciunas,2019-20,0,high-usage big men
Jonathan Isaac,2019-20,1,versatile forwards
Jordan Clarkson,2019-20,6,sharpshooters
Josh Hart,2019-20,7,low-usage role players
Josh Okogie,2019-20,1,versatile forwards
Josh Richardson,2019-20,4,floor generals
Jrue Holiday,2019-20,4,floor generals
Julius Randle,2019-20,1,versatile forwards
Justin Holiday,2019-20,7,low-usage role players
Karl-Anthony Towns,2019-20,0,high-usage big men
Kawhi Leonard,2019-20,3,ball-dominant scorers
Kelly Oubre Jr.,2019-20,1,versatile forwards
Kemba Walker,2019-20,3,ball-dominant scorers
Kendrick Nunn,2019-20,6,sharpshooters
Kent Bazemore,2019-20,7,low-usage role players
Kentavious Caldwell-Pope,2019-20,7,low-usage role players
Kevin Huerter,2019-20,6,sharpshooters
Kevin Love,2019-20,1,versatile forwards
Kevin Porter Jr.,2019-20,1,versatile forwards
Khris Middleton,2019-20,3,ball-dominant scorers
Kris Dunn,2019-20,7,low-usage role players
Kristaps Porzingis,2019-20,2,stretch forwards / big men
Kyle Kuzma,2019-20,1,versatile forwards
Kyle Lowry,2019-20,3,ball-dominant scorers
Kyrie Irving,2019-20,3,ball-dominant scorers
LaMarcus Aldridge,2019-20,2,stretch forwards / big men
Landry Shamet,2019-20,7,low-usage role players
Langston Galloway,2019-20,7,low-usage role players
Larry Nance Jr.,2019-20,1,versatile forwards
Lauri Markkanen,2019-20,1,versatile forwards
LeBron James,2019-20,3,ball-dominant scorers
Lonzo Ball,2019-20,4,floor generals
Lou Williams,2019-20,3,ball-dominant scorers
Luka Doncic,2019-20,3,ball-dominant scorers
Luke Kennard,2019-20,6,sharpshooters
Malcolm Brogdon,2019-20,4,floor generals
Marc Gasol,2019-20,7,low-usage role players
Marcus Morris Sr.,2019-20,6,sharpshooters
Marcus Smart,2019-20,4,floor generals
Markelle Fultz,2019-20,4,floor generals
Maurice Harkless,2019-20,7,low-usage role players
Maxi Kleber,2019-20,7,low-usage role players
Mikal Bridges,2019-20,7,low-usage role players
Mike Conley,2019-20,4,floor generals
Miles Bridges,2019-20,1,versatile forwards
Mitchell Robinson,2019-20,0,high-usage big men
Montrezl Harrell,2019-20,0,high-usage big men
Myles Turner,2019-20,1,versatile forwards
Nemanja Bjelica,2019-20,1,versatile forwards
Nikola Jokic,2019-20,0,high-usage big men
Nikola Vucevic,2019-20,0,high-usage big men
Norman Powell,2019-20,6,sharpshooters
OG Anunoby,2019-20,7,low-usage role players
P.J. Tucker,2019-20,7,low-usage role players
P.J. Washington,2019-20,1,versatile forwards
Pascal Siakam,2019-20,1,versatile forwards
Patrick Beverley,2019-20,7,low-usage role players
Patrick McCaw,2019-20,7,low-usage role players
Paul George,2019-20,3,ball-dominant scorers
Paul Millsap,2019-20,1,versatile forwards
RJ Barrett,2019-20,1,versatile forwards
Reggie Bullock,2019-20,7,low-usage role players
Reggie Jackson,2019-20,4,floor generals
Richaun Holmes,2019-20,0,high-usage big men
Ricky Rubio,2019-20,4,floor generals
Robert Covington,2019-20,7,low-usage role players
Rodney Hood,2019-20,6,sharpshooters
Royce O'Neale,2019-20,7,low-usage role players
Rudy Gobert,2019-20,0,high-usage big men
Rui Hachimura,2019-20,1,versatile forwards
Russell Westbrook,2019-20,3,ball-dominant scorers
Serge Ibaka,2019-20,0,high-usage big men
Seth Curry,2019-20,6,sharpshooters
Shabazz Napier,2019-20,4,floor generals
Shai Gilgeous-Alexander,2019-20,3,ball-dominant scorers
Spencer Dinwiddie,2019-20,3,ball-dominant scorers
Steven Adams,2019-20,0,high-usage big men
T.J. Warren,2019-20,1,versatile forwards
Taurean Prince,2019-20,7,low-usage role players
Terrance Ferguson,2019-20,7,low-usage role players
Terrence Ross,2019-20,6,sharpshooters
Terry Rozier,2019-20,4,floor generals
Thaddeus Young,2019-20,1,versatile forwards
Thomas Bryant,2019-20,0,high-usage big men
Tim Hardaway Jr.,2019-20,6,sharpshooters
Tobias Harris,2019-20,1,versatile forwards
Tomas Satoransky,2019-20,4,floor generals
Tony Snell,2019-20,7,low-usage role players
Trae Young,2019-20,3,ball-dominant scorers
Trevor Ariza,2019-20,7,low-usage role players
Tristan Thompson,2019-20,0,high-usage big men
Troy Brown Jr.,2019-20,1,versatile forwards
Tyler Herro,2019-20,6,sharpshooters
Wendell Carter Jr.,2019-20,0,high-usage big men
Wesley Matthews,2019-20,7,low-usage role players
Will Barton,2019-20,4,floor generals
Zach LaVine,2019-20,3,ball-dominant scorers
Zion Williamson,2019-20,0,high-usage big men
